"SpeciesPLANTS","GENUS","FIA_TYPE","LEAF_RETEN","R3_SHADE_TOL","R3_DIA_MEAS"
"2TB","TREE","DECIDUOUS","DECIDUOUS",NA,NA
"2TE","TREE","EVERGREEN","EVERGREEN",NA,NA
"2TREE","TREE","DECIDUOUS","DECIDUOUS",NA,NA
"ABAM","ABIES","EVERGREEN","EVERGREEN",NA,NA
"ABBA","ABIES","EVERGREEN","EVERGREEN",NA,NA
"ABBR","ABIES","EVERGREEN","EVERGREEN",NA,NA
"ABCO","ABIES","EVERGREEN","EVERGREEN","TOL","DBH"
"ABFR","ABIES","EVERGREEN","EVERGREEN",NA,NA
"ABGR","ABIES","EVERGREEN","EVERGREEN",NA,NA
"ABIES","ABIES","EVERGREEN","EVERGREEN",NA,NA
"ABLA","ABIES","EVERGREEN","EVERGREEN",NA,NA
"ABLAA","ABIES","EVERGREEN","EVERGREEN","VTOL","DBH"
"ABMA","ABIES","EVERGREEN","EVERGREEN",NA,NA
"ABPR","ABIES","EVERGREEN","EVERGREEN",NA,NA
"ABSH","ABIES","EVERGREEN","EVERGREEN",NA,NA
"ACACI","ACACIA","DECIDUOUS","DECIDUOUS",NA,NA
"ACBA3","ACER","DECIDUOUS","DECIDUOUS",NA,NA
"ACER","ACER","DECIDUOUS","DECIDUOUS",NA,NA
"ACFA","ACACIA","DECIDUOUS","DECIDUOUS",NA,NA
"ACGL","ACER","DECIDUOUS","DECIDUOUS","INT","DRC"
"ACGR","ACACIA","DECIDUOUS","DECIDUOUS",NA,NA
"ACGR3","ACER","DECIDUOUS","DECIDUOUS","INT","DRC"
"ACLE","ACER","DECIDUOUS","DECIDUOUS",NA,NA
"ACMA3","ACER","DECIDUOUS","DECIDUOUS",NA,NA
"ACNE2","ACER","DECIDUOUS","DECIDUOUS","VINT","DRC"
"ACNI5","ACER","DECIDUOUS","DECIDUOUS",NA,NA
"ACPE","ACER","DECIDUOUS","DECIDUOUS",NA,NA
"ACPL","ACER","DECIDUOUS","DECIDUOUS",NA,NA
"ACRU","ACER","DECIDUOUS","DECIDUOUS",NA,NA
"ACSA2","ACER","DECIDUOUS","DECIDUOUS",NA,NA
"ACSA3","ACER","DECIDUOUS","DECIDUOUS",NA,NA
"ACSP2","ACER","DECIDUOUS","DECIDUOUS",NA,NA
"ACWR4","ACOELORRAPHE","DECIDUOUS","DECIDUOUS",NA,NA
"AECA","AESCULUS","DECIDUOUS","DECIDUOUS",NA,NA
"AEFL","AESCULUS","DECIDUOUS","DECIDUOUS",NA,NA
"AEGL","AESCULUS","DECIDUOUS","DECIDUOUS",NA,NA
"AEGLA","AESCULUS","DECIDUOUS","DECIDUOUS",NA,NA
"AEPA","AESCULUS","DECIDUOUS","DECIDUOUS",NA,NA
"AESCU","AESCULUS","DECIDUOUS","DECIDUOUS",NA,NA
"AESY","AESCULUS","DECIDUOUS","DECIDUOUS",NA,NA
"AIAL","AILANTHUS","DECIDUOUS","DECIDUOUS",NA,NA
"ALGL2","ALNUS","DECIDUOUS","DECIDUOUS",NA,NA
"ALJU","ALBIZIA","DECIDUOUS","DECIDUOUS",NA,NA
"ALNUS","ALNUS","DECIDUOUS","DECIDUOUS",NA,NA
"ALOB2","ALNUS","DECIDUOUS","DECIDUOUS","VINT","DRC"
"ALRH2","ALNUS","DECIDUOUS","DECIDUOUS",NA,NA
"ALRU2","ALNUS","DECIDUOUS","DECIDUOUS",NA,NA
"AMAR3","AMELANCHIER","DECIDUOUS","DECIDUOUS",NA,NA
"AMEL","AMYRIS","DECIDUOUS","DECIDUOUS",NA,NA
"AMELA","AMELANCHIER","DECIDUOUS","DECIDUOUS",NA,NA
"AMSA","AMELANCHIER","DECIDUOUS","DECIDUOUS",NA,NA
"ANGL4","ANNONA","DECIDUOUS","DECIDUOUS",NA,NA
"ARAR2","ARBUTUS","DECIDUOUS","EVERGREEN","MTOL","DRC"
"ARBUT","ARBUTUS","DECIDUOUS","DECIDUOUS",NA,NA
"ARECA","FAMILY ARECACEAE","DECIDUOUS","DECIDUOUS",NA,NA
"ARME","ARBUTUS","DECIDUOUS","DECIDUOUS",NA,NA
"ARXA80","ARBUTUS","DECIDUOUS","DECIDUOUS","MTOL","DRC"
"ASTR","ASIMINA","DECIDUOUS","DECIDUOUS",NA,NA
"AVGE","AVICENNIA","DECIDUOUS","DECIDUOUS",NA,NA
"BEAL2","BETULA","DECIDUOUS","DECIDUOUS",NA,NA
"BELE","BETULA","DECIDUOUS","DECIDUOUS",NA,NA
"BENE4","BETULA","DECIDUOUS","DECIDUOUS",NA,NA
"BENI","BETULA","DECIDUOUS","DECIDUOUS",NA,NA
"BEOC2","BETULA","DECIDUOUS","DECIDUOUS","INT",NA
"BEPA","BETULA","DECIDUOUS","DECIDUOUS",NA,NA
"BEPO","BETULA","DECIDUOUS","DECIDUOUS",NA,NA
"BETUL","BETULA","DECIDUOUS","DECIDUOUS",NA,NA
"BEUB","BETULA","DECIDUOUS","DECIDUOUS",NA,NA
"BEUT","BETULA","DECIDUOUS","DECIDUOUS",NA,NA
"BUSI","BURSERA","DECIDUOUS","DECIDUOUS",NA,NA
"CAAL27","CARYA","DECIDUOUS","DECIDUOUS",NA,NA
"CAAQ2","CARYA","DECIDUOUS","DECIDUOUS",NA,NA
"CABI8","CATALPA","DECIDUOUS","DECIDUOUS",NA,NA
"CACA18","CARPINUS","DECIDUOUS","DECIDUOUS",NA,NA
"CACA38","CARYA","DECIDUOUS","DECIDUOUS",NA,NA
"CACO15","CARYA","DECIDUOUS","DECIDUOUS",NA,NA
"CADE12","CASTANEA","DECIDUOUS","DECIDUOUS",NA,NA
"CADE27","CALOCEDRUS","EVERGREEN","EVERGREEN",NA,NA
"CAFL6","CARYA","DECIDUOUS","DECIDUOUS",NA,NA
"CAGL11","CASUARINA","DECIDUOUS","DECIDUOUS",NA,NA
"CAGL8","CARYA","DECIDUOUS","DECIDUOUS",NA,NA
"CAIL2","CARYA","DECIDUOUS","DECIDUOUS",NA,NA
"CALA21","CARYA","DECIDUOUS","DECIDUOUS",NA,NA
"CALE28","CASUARINA","DECIDUOUS","DECIDUOUS",NA,NA
"CAMO83","CASTANEA","DECIDUOUS","DECIDUOUS",NA,NA
"CAMY","CARYA","DECIDUOUS","DECIDUOUS",NA,NA
"CAOV2","CARYA","DECIDUOUS","DECIDUOUS",NA,NA
"CAOV3","CARYA","DECIDUOUS","DECIDUOUS",NA,NA
"CAPA24","CARYA","DECIDUOUS","DECIDUOUS",NA,NA
"CAPU9","CASTANEA","DECIDUOUS","DECIDUOUS",NA,NA
"CAPUO","CASTANEA","DECIDUOUS","DECIDUOUS",NA,NA
"CARYA","CARYA","DECIDUOUS","DECIDUOUS",NA,NA
"CASP8","CATALPA","DECIDUOUS","DECIDUOUS","INT","DBH"
"CASTA","CASTANEA","DECIDUOUS","DECIDUOUS",NA,NA
"CASUA","CASUARINA","DECIDUOUS","DECIDUOUS",NA,NA
"CATAL","CATALPA","DECIDUOUS","DECIDUOUS",NA,NA
"CATE9","CARYA","DECIDUOUS","DECIDUOUS",NA,NA
"CECA4","CERCIS","DECIDUOUS","DECIDUOUS",NA,NA
"CELA","CELTIS","DECIDUOUS","DECIDUOUS",NA,NA
"CELAR","CELTIS","DECIDUOUS","DECIDUOUS","INT","DRC"
"CELE3","CERCOCARPUS","DECIDUOUS","DECIDUOUS",NA,NA
"CELTI","CELTIS","DECIDUOUS","DECIDUOUS",NA,NA
"CEOC","CELTIS","DECIDUOUS","DECIDUOUS","INT","DRC"
"CHAMA4","CHAMAECYPARIS","EVERGREEN","EVERGREEN",NA,NA
"CHCHC4","CHRYSOLEPIS","DECIDUOUS","DECIDUOUS",NA,NA
"CHLA","CHAMAECYPARIS","EVERGREEN","EVERGREEN",NA,NA
"CHNO","CHAMAECYPARIS","EVERGREEN","EVERGREEN",NA,NA
"CHTH2","CHAMAECYPARIS","EVERGREEN","EVERGREEN",NA,NA
"CICA","CINNAMOMUM","DECIDUOUS","DECIDUOUS",NA,NA
"CIFR","CITHAREXYLUM","DECIDUOUS","DECIDUOUS",NA,NA
"CITRU2","CITRUS","DECIDUOUS","DECIDUOUS",NA,NA
"CLKE","CLADRASTIS","DECIDUOUS","DECIDUOUS",NA,NA
"COAR","COCCOTHRINAX","DECIDUOUS","DECIDUOUS",NA,NA
"CODI8","COCCOLOBA","DECIDUOUS","DECIDUOUS",NA,NA
"COEL2","COLUBRINA","DECIDUOUS","DECIDUOUS",NA,NA
"COER2","CONOCARPUS","DECIDUOUS","DECIDUOUS",NA,NA
"COFL2","CORNUS","DECIDUOUS","DECIDUOUS",NA,NA
"COHO","CONDALIA","DECIDUOUS","DECIDUOUS",NA,NA
"CONU","COCOS","DECIDUOUS","DECIDUOUS",NA,NA
"CONU4","CORNUS","DECIDUOUS","DECIDUOUS",NA,NA
"COOB2","COTINUS","DECIDUOUS","DECIDUOUS",NA,NA
"CORNU","CORNUS","DECIDUOUS","DECIDUOUS",NA,NA
"COSE2","CORDIA","DECIDUOUS","DECIDUOUS",NA,NA
"CRATA","CRATAEGUS","DECIDUOUS","DECIDUOUS",NA,NA
"CRBR3","CRATAEGUS","DECIDUOUS","DECIDUOUS",NA,NA
"CRCA","CRATAEGUS","DECIDUOUS","DECIDUOUS",NA,NA
"CRCH","CRATAEGUS","DECIDUOUS","DECIDUOUS",NA,NA
"CRCR2","CRATAEGUS","DECIDUOUS","DECIDUOUS",NA,NA
"CRDI","CRATAEGUS","DECIDUOUS","DECIDUOUS",NA,NA
"CRFL","CRATAEGUS","DECIDUOUS","DECIDUOUS",NA,NA
"CRMO2","CRATAEGUS","DECIDUOUS","DECIDUOUS",NA,NA
"CRMO3","CRATAEGUS","DECIDUOUS","DECIDUOUS",NA,NA
"CRPE","CRATAEGUS","DECIDUOUS","DECIDUOUS",NA,NA
"CUAN4","CUPANIOPSIS","DECIDUOUS","DECIDUOUS",NA,NA
"CUAR","CUPRESSUS","EVERGREEN","EVERGREEN","VINT","DRC"
"CUBA","CUPRESSUS","EVERGREEN","EVERGREEN",NA,NA
"CUFO2","CUPRESSUS","EVERGREEN","EVERGREEN",NA,NA
"CUMA","CUPRESSUS","EVERGREEN","EVERGREEN",NA,NA
"CUMA2","CUPRESSUS","EVERGREEN","EVERGREEN",NA,NA
"CUPRE","CUPRESSUS","EVERGREEN","EVERGREEN",NA,NA
"CUSA3","CUPRESSUS","EVERGREEN","EVERGREEN",NA,NA
"DIOSP","DIOSPYROS","DECIDUOUS","DECIDUOUS",NA,NA
"DITE3","DIOSPYROS","DECIDUOUS","DECIDUOUS",NA,NA
"DIVI5","DIOSPYROS","DECIDUOUS","DECIDUOUS",NA,NA
"EBEB","EBENOPSIS","DECIDUOUS","DECIDUOUS",NA,NA
"EHAN","EHRETIA","DECIDUOUS","DECIDUOUS",NA,NA
"ELAN","ELAEAGNUS","DECIDUOUS","DECIDUOUS","INT",NA
"EUCA2","EUCALYPTUS","DECIDUOUS","DECIDUOUS",NA,NA
"EUCAL","EUCALYPTUS","DECIDUOUS","DECIDUOUS",NA,NA
"EUGL","EUCALYPTUS","DECIDUOUS","DECIDUOUS",NA,NA
"EUGR12","EUCALYPTUS","DECIDUOUS","DECIDUOUS",NA,NA
"EURH","EUGENIA","DECIDUOUS","DECIDUOUS",NA,NA
"EURO2","EUCALYPTUS","DECIDUOUS","DECIDUOUS",NA,NA
"EXPA","EXOTHEA","DECIDUOUS","DECIDUOUS",NA,NA
"FAGR","FAGUS","DECIDUOUS","DECIDUOUS",NA,NA
"FIAU","FICUS","DECIDUOUS","DECIDUOUS",NA,NA
"FICI","FICUS","DECIDUOUS","DECIDUOUS",NA,NA
"FRAM2","FRAXINUS","DECIDUOUS","DECIDUOUS",NA,NA
"FRAXI","FRAXINUS","DECIDUOUS","DECIDUOUS",NA,NA
"FRCA3","FRAXINUS","DECIDUOUS","DECIDUOUS",NA,NA
"FRLA","FRAXINUS","DECIDUOUS","DECIDUOUS",NA,NA
"FRNI","FRAXINUS","DECIDUOUS","DECIDUOUS",NA,NA
"FRPE","FRAXINUS","DECIDUOUS","DECIDUOUS","VINT","DRC"
"FRPR","FRAXINUS","DECIDUOUS","DECIDUOUS",NA,NA
"FRQU","FRAXINUS","DECIDUOUS","DECIDUOUS",NA,NA
"FRTE","FRAXINUS","DECIDUOUS","DECIDUOUS",NA,NA
"FRVE2","FRAXINUS","DECIDUOUS","DECIDUOUS","VINT","DRC"
"GIBI2","GINKGO","DECIDUOUS","DECIDUOUS",NA,NA
"GLAQ","GLEDITSIA","DECIDUOUS","DECIDUOUS",NA,NA
"GLEDI","GLEDITSIA","DECIDUOUS","DECIDUOUS",NA,NA
"GLTR","GLEDITSIA","DECIDUOUS","DECIDUOUS",NA,NA
"GOLA","GORDONIA","DECIDUOUS","DECIDUOUS",NA,NA
"GUDI","GUAPIRA","DECIDUOUS","DECIDUOUS",NA,NA
"GYDI","GYMNOCLADUS","DECIDUOUS","DECIDUOUS",NA,NA
"HACA3","HALESIA","DECIDUOUS","DECIDUOUS",NA,NA
"HADI3","HALESIA","DECIDUOUS","DECIDUOUS",NA,NA
"HALES","HALESIA","DECIDUOUS","DECIDUOUS",NA,NA
"HAPA2","HALESIA","DECIDUOUS","DECIDUOUS",NA,NA
"HIMA2","HIPPOMANE","DECIDUOUS","DECIDUOUS",NA,NA
"ILOP","ILEX","DECIDUOUS","DECIDUOUS",NA,NA
"JUAS","JUNIPERUS","EVERGREEN","EVERGREEN","VINT","DRC"
"JUCA","JUGLANS","DECIDUOUS","DECIDUOUS",NA,NA
"JUCA7","JUNIPERUS","EVERGREEN","EVERGREEN",NA,NA
"JUCI","JUGLANS","DECIDUOUS","DECIDUOUS",NA,NA
"JUCO11","JUNIPERUS","EVERGREEN","EVERGREEN","VINT","DRC"
"JUDE2","JUNIPERUS","EVERGREEN","EVERGREEN","VINT","DRC"
"JUFL","JUNIPERUS","EVERGREEN","EVERGREEN",NA,NA
"JUGLA","JUGLANS","DECIDUOUS","DECIDUOUS",NA,NA
"JUHI","JUGLANS","DECIDUOUS","DECIDUOUS",NA,NA
"JUMA","JUGLANS","DECIDUOUS","DECIDUOUS","INT","DRC"
"JUMI","JUGLANS","DECIDUOUS","DECIDUOUS","INT","DRC"
"JUMO","JUNIPERUS","EVERGREEN","EVERGREEN","VINT","DRC"
"JUNI","JUGLANS","DECIDUOUS","DECIDUOUS",NA,NA
"JUNIP","JUNIPERUS","EVERGREEN","EVERGREEN",NA,NA
"JUOC","JUNIPERUS","EVERGREEN","EVERGREEN",NA,NA
"JUOS","JUNIPERUS","EVERGREEN","EVERGREEN","VINT","DRC"
"JUPI","JUNIPERUS","EVERGREEN","EVERGREEN","VINT",NA
"JUSC2","JUNIPERUS","EVERGREEN","EVERGREEN","VINT","DRC"
"JUVI","JUNIPERUS","EVERGREEN","EVERGREEN",NA,NA
"JUVIS","JUNIPERUS","EVERGREEN","EVERGREEN",NA,NA
"LAKA2","LARIX","EVERGREEN","EVERGREEN",NA,NA
"LALA","LARIX","EVERGREEN","EVERGREEN",NA,NA
"LALY","LARIX","EVERGREEN","EVERGREEN",NA,NA
"LAOC","LARIX","EVERGREEN","EVERGREEN",NA,NA
"LARA2","LAGUNCULARIA","DECIDUOUS","DECIDUOUS",NA,NA
"LARIX","LARIX","EVERGREEN","EVERGREEN",NA,NA
"LASI3","LARIX","EVERGREEN","EVERGREEN",NA,NA
"LEPU3","LEUCAENA","DECIDUOUS","DECIDUOUS",NA,NA
"LIDE3","LITHOCARPUS","DECIDUOUS","DECIDUOUS",NA,NA
"LIST2","LIQUIDAMBAR","DECIDUOUS","DECIDUOUS",NA,NA
"LITU","LIRIODENDRON","DECIDUOUS","DECIDUOUS",NA,NA
"LYLA3","LYSILOMA","DECIDUOUS","DECIDUOUS",NA,NA
"MAAC","MAGNOLIA","DECIDUOUS","DECIDUOUS",NA,NA
"MAAN3","MALUS","DECIDUOUS","DECIDUOUS",NA,NA
"MACO5","MALUS","DECIDUOUS","DECIDUOUS",NA,NA
"MAFR","MAGNOLIA","DECIDUOUS","DECIDUOUS",NA,NA
"MAFU","MALUS","DECIDUOUS","DECIDUOUS",NA,NA
"MAGNO","MAGNOLIA","DECIDUOUS","DECIDUOUS",NA,NA
"MAGR4","MAGNOLIA","DECIDUOUS","DECIDUOUS",NA,NA
"MAIN3","MANGIFERA","DECIDUOUS","DECIDUOUS",NA,NA
"MAIO","MALUS","DECIDUOUS","DECIDUOUS",NA,NA
"MALUS","MALUS","DECIDUOUS","DECIDUOUS",NA,NA
"MAMA2","MAGNOLIA","DECIDUOUS","DECIDUOUS",NA,NA
"MAPA28","MAYTENUS","DECIDUOUS","DECIDUOUS",NA,NA
"MAPO","MACLURA","DECIDUOUS","DECIDUOUS",NA,NA
"MAPY","MAGNOLIA","DECIDUOUS","DECIDUOUS",NA,NA
"MATR","MAGNOLIA","DECIDUOUS","DECIDUOUS",NA,NA
"MAVI2","MAGNOLIA","DECIDUOUS","DECIDUOUS",NA,NA
"MEAZ","MELIA","DECIDUOUS","DECIDUOUS",NA,NA
"MEQU","MELALEUCA","DECIDUOUS","DECIDUOUS",NA,NA
"METO3","METOPIUM","DECIDUOUS","DECIDUOUS",NA,NA
"MOAL","MORUS","DECIDUOUS","DECIDUOUS","INT",NA
"MOMI","MORUS","DECIDUOUS","DECIDUOUS","INT",NA
"MONI","MORUS","DECIDUOUS","DECIDUOUS",NA,NA
"MORU2","MORUS","DECIDUOUS","DECIDUOUS",NA,NA
"MORUS","MORUS","DECIDUOUS","DECIDUOUS",NA,NA
"NYAQ2","NYSSA","DECIDUOUS","DECIDUOUS",NA,NA
"NYBI","NYSSA","DECIDUOUS","DECIDUOUS",NA,NA
"NYOG","NYSSA","DECIDUOUS","DECIDUOUS",NA,NA
"NYSSA","NYSSA","DECIDUOUS","DECIDUOUS",NA,NA
"NYSY","NYSSA","DECIDUOUS","DECIDUOUS",NA,NA
"OLTE","OLNEYA","DECIDUOUS","EVERGREEN","VINT","DRC"
"OSTR","OSMOXYLON","DECIDUOUS","DECIDUOUS",NA,NA
"OSVI","OSTRYA","DECIDUOUS","DECIDUOUS",NA,NA
"OXAR","OXYDENDRUM","DECIDUOUS","DECIDUOUS",NA,NA
"PATO2","PAULOWNIA","DECIDUOUS","DECIDUOUS",NA,NA
"PEBO","PERSEA","DECIDUOUS","DECIDUOUS",NA,NA
"PERSE","PERSEA","DECIDUOUS","DECIDUOUS",NA,NA
"PIAB","PICEA","EVERGREEN","EVERGREEN",NA,NA
"PIAL","PINUS","EVERGREEN","EVERGREEN",NA,NA
"PIAR","PINUS","EVERGREEN","EVERGREEN","INT","DBH"
"PIAR5","PINUS","EVERGREEN","EVERGREEN","VINT","DBH"
"PIAT","PINUS","EVERGREEN","EVERGREEN",NA,NA
"PIBA","PINUS","EVERGREEN","EVERGREEN",NA,NA
"PIBA2","PINUS","EVERGREEN","EVERGREEN",NA,NA
"PIBR","PICEA","EVERGREEN","EVERGREEN",NA,NA
"PICE","PINUS","EVERGREEN","EVERGREEN","VINT","DRC"
"PICEA","PICEA","EVERGREEN","EVERGREEN",NA,NA
"PICL","PINUS","EVERGREEN","EVERGREEN",NA,NA
"PICO","PINUS","EVERGREEN","EVERGREEN",NA,NA
"PICO3","PINUS","EVERGREEN","EVERGREEN",NA,NA
"PIDI3","PINUS","EVERGREEN","EVERGREEN","VINT","DRC"
"PIEC2","PINUS","EVERGREEN","EVERGREEN",NA,NA
"PIED","PINUS","EVERGREEN","EVERGREEN","VINT","DRC"
"PIEL","PINUS","EVERGREEN","EVERGREEN",NA,NA
"PIELE2","PINUS","EVERGREEN","EVERGREEN",NA,NA
"PIEN","PICEA","EVERGREEN","EVERGREEN","VTOL","DBH"
"PIEN2","PINUS","EVERGREEN","EVERGREEN","VINT","DBH"
"PIFL2","PINUS","EVERGREEN","EVERGREEN","INT","DBH"
"PIGL","PICEA","EVERGREEN","EVERGREEN",NA,NA
"PIGL2","PINUS","EVERGREEN","EVERGREEN",NA,NA
"PIJE","PINUS","EVERGREEN","EVERGREEN",NA,NA
"PILA","PINUS","EVERGREEN","EVERGREEN",NA,NA
"PILE","PINUS","EVERGREEN","EVERGREEN","VINT","DBH"
"PILO","PINUS","EVERGREEN","EVERGREEN",NA,NA
"PIMA","PICEA","EVERGREEN","EVERGREEN",NA,NA
"PIMO","PINUS","EVERGREEN","EVERGREEN","VINT","DRC"
"PIMO3","PINUS","EVERGREEN","EVERGREEN",NA,NA
"PIMOF","PINUS","EVERGREEN","EVERGREEN",NA,NA
"PIMU","PINUS","EVERGREEN","EVERGREEN",NA,NA
"PINI","PINUS","EVERGREEN","EVERGREEN",NA,NA
"PINUS","PINUS","EVERGREEN","EVERGREEN",NA,NA
"PIPA2","PINUS","EVERGREEN","EVERGREEN",NA,NA
"PIPI3","PISCIDIA","DECIDUOUS","DECIDUOUS",NA,NA
"PIPO","PINUS","EVERGREEN","EVERGREEN","VINT","DBH"
"PIPU","PICEA","EVERGREEN","EVERGREEN","TOL","DBH"
"PIPU5","PINUS","EVERGREEN","EVERGREEN",NA,NA
"PIQU","PINUS","EVERGREEN","EVERGREEN",NA,NA
"PIRA2","PINUS","EVERGREEN","EVERGREEN",NA,NA
"PIRE","PINUS","EVERGREEN","EVERGREEN",NA,NA
"PIRE5","PINUS","EVERGREEN","EVERGREEN",NA,NA
"PIRI","PINUS","EVERGREEN","EVERGREEN",NA,NA
"PIRU","PICEA","EVERGREEN","EVERGREEN",NA,NA
"PISA2","PINUS","EVERGREEN","EVERGREEN",NA,NA
"PISE","PINUS","EVERGREEN","EVERGREEN",NA,NA
"PISI","PICEA","EVERGREEN","EVERGREEN",NA,NA
"PIST","PINUS","EVERGREEN","EVERGREEN",NA,NA
"PIST3","PINUS","EVERGREEN","EVERGREEN","INT","DBH"
"PISY","PINUS","EVERGREEN","EVERGREEN",NA,NA
"PITA","PINUS","EVERGREEN","EVERGREEN",NA,NA
"PITO","PINUS","EVERGREEN","EVERGREEN",NA,NA
"PIVI2","PINUS","EVERGREEN","EVERGREEN",NA,NA
"PIWA","PINUS","EVERGREEN","EVERGREEN",NA,NA
"PLAQ","PLANERA","DECIDUOUS","DECIDUOUS",NA,NA
"PLATA","PLATANUS","DECIDUOUS","DECIDUOUS",NA,NA
"PLOC","PLATANUS","DECIDUOUS","DECIDUOUS",NA,NA
"PLRA","PLATANUS","DECIDUOUS","DECIDUOUS",NA,NA
"PLWR2","PLATANUS","DECIDUOUS","DECIDUOUS","VINT","DRC"
"POAL7","POPULUS","DECIDUOUS","DECIDUOUS",NA,NA
"POAN3","POPULUS","DECIDUOUS","DECIDUOUS","VINT","DBH"
"POBA2","POPULUS","DECIDUOUS","DECIDUOUS",NA,NA
"POBAT","POPULUS","DECIDUOUS","DECIDUOUS",NA,NA
"PODE3","POPULUS","DECIDUOUS","DECIDUOUS","VINT","DBH"
"PODEM","POPULUS","DECIDUOUS","DECIDUOUS",NA,NA
"POFR2","POPULUS","DECIDUOUS","DECIDUOUS","VINT","DBH"
"POGR4","POPULUS","DECIDUOUS","DECIDUOUS",NA,NA
"POHE4","POPULUS","DECIDUOUS","DECIDUOUS",NA,NA
"PONI","POPULUS","DECIDUOUS","DECIDUOUS",NA,NA
"POPUL","POPULUS","DECIDUOUS","DECIDUOUS",NA,NA
"POTR5","POPULUS","DECIDUOUS","DECIDUOUS","VINT","DBH"
"PRAL5","PRUNUS","DECIDUOUS","DECIDUOUS",NA,NA
"PRAM","PRUNUS","DECIDUOUS","DECIDUOUS",NA,NA
"PRAN3","PRUNUS","DECIDUOUS","DECIDUOUS",NA,NA
"PRAV","PRUNUS","DECIDUOUS","DECIDUOUS",NA,NA
"PRCE","PRUNUS","DECIDUOUS","DECIDUOUS",NA,NA
"PRDO","PRUNUS","DECIDUOUS","DECIDUOUS",NA,NA
"PREM","PRUNUS","DECIDUOUS","DECIDUOUS",NA,NA
"PRGL2","PROSOPIS","DECIDUOUS","DECIDUOUS","VINT","DRC"
"PRMA","PRUNUS","DECIDUOUS","DECIDUOUS",NA,NA
"PRNI","PRUNUS","DECIDUOUS","DECIDUOUS",NA,NA
"PROSO","PROSOPIS","DECIDUOUS","DECIDUOUS",NA,NA
"PRPE2","PRUNUS","DECIDUOUS","DECIDUOUS",NA,NA
"PRPE3","PRUNUS","DECIDUOUS","DECIDUOUS",NA,NA
"PRPU","PROSOPIS","DECIDUOUS","DECIDUOUS",NA,NA
"PRSE2","PRUNUS","DECIDUOUS","DECIDUOUS","VINT","DRC"
"PRUNU","PRUNUS","DECIDUOUS","DECIDUOUS",NA,NA
"PRVE","PROSOPIS","DECIDUOUS","DECIDUOUS","VINT","DRC"
"PRVI","PRUNUS","DECIDUOUS","DECIDUOUS","INT","DRC"
"PSEUD7","PSEUDOTSUGA","EVERGREEN","EVERGREEN",NA,NA
"PSMA","PSEUDOTSUGA","EVERGREEN","EVERGREEN",NA,NA
"PSME","PSEUDOTSUGA","EVERGREEN","EVERGREEN","MTOL","DBH"
"QUAG","QUERCUS","DECIDUOUS","DECIDUOUS",NA,NA
"QUAL","QUERCUS","DECIDUOUS","DECIDUOUS",NA,NA
"QUAR","QUERCUS","DECIDUOUS","EVERGREEN","VINT","DRC"
"QUBI","QUERCUS","DECIDUOUS","DECIDUOUS",NA,NA
"QUCH2","QUERCUS","DECIDUOUS","EVERGREEN","INT","DRC"
"QUCO2","QUERCUS","DECIDUOUS","DECIDUOUS",NA,NA
"QUDO","QUERCUS","DECIDUOUS","DECIDUOUS",NA,NA
"QUEL","QUERCUS","DECIDUOUS","DECIDUOUS",NA,NA
"QUEM","QUERCUS","DECIDUOUS","EVERGREEN","VINT","DRC"
"QUEN","QUERCUS","DECIDUOUS","DECIDUOUS",NA,NA
"QUERC","QUERCUS","DECIDUOUS","DECIDUOUS",NA,NA
"QUFA","QUERCUS","DECIDUOUS","DECIDUOUS",NA,NA
"QUGA","QUERCUS","DECIDUOUS","DECIDUOUS","VINT","DRC"
"QUGA4","QUERCUS","DECIDUOUS","DECIDUOUS",NA,NA
"QUGR","QUERCUS","DECIDUOUS","DECIDUOUS",NA,NA
"QUGR3","QUERCUS","DECIDUOUS","EVERGREEN","VINT","DRC"
"QUHY","QUERCUS","DECIDUOUS","EVERGREEN","VINT","DRC"
"QUIL","QUERCUS","DECIDUOUS","DECIDUOUS",NA,NA
"QUIM","QUERCUS","DECIDUOUS","DECIDUOUS",NA,NA
"QUIN","QUERCUS","DECIDUOUS","DECIDUOUS",NA,NA
"QUKE","QUERCUS","DECIDUOUS","DECIDUOUS",NA,NA
"QULA2","QUERCUS","DECIDUOUS","DECIDUOUS",NA,NA
"QULA3","QUERCUS","DECIDUOUS","DECIDUOUS",NA,NA
"QULO","QUERCUS","DECIDUOUS","DECIDUOUS",NA,NA
"QULY","QUERCUS","DECIDUOUS","DECIDUOUS",NA,NA
"QUMA2","QUERCUS","DECIDUOUS","DECIDUOUS","MINT","DRC"
"QUMA3","QUERCUS","DECIDUOUS","DECIDUOUS",NA,NA
"QUMA6","QUERCUS","DECIDUOUS","DECIDUOUS",NA,NA
"QUMI","QUERCUS","DECIDUOUS","DECIDUOUS",NA,NA
"QUMI2","QUERCUS","DECIDUOUS","DECIDUOUS",NA,NA
"QUMU","QUERCUS","DECIDUOUS","DECIDUOUS","INT","DRC"
"QUNI","QUERCUS","DECIDUOUS","DECIDUOUS",NA,NA
"QUOB","QUERCUS","DECIDUOUS","EVERGREEN","VINT","DRC"
"QUOG","QUERCUS","DECIDUOUS","DECIDUOUS",NA,NA
"QUPA2","QUERCUS","DECIDUOUS","DECIDUOUS",NA,NA
"QUPA5","QUERCUS","DECIDUOUS","DECIDUOUS",NA,NA
"QUPH","QUERCUS","DECIDUOUS","DECIDUOUS",NA,NA
"QUPR","QUERCUS","DECIDUOUS","DECIDUOUS",NA,NA
"QUPR2","QUERCUS","DECIDUOUS","DECIDUOUS",NA,NA
"QURU","QUERCUS","DECIDUOUS","DECIDUOUS",NA,NA
"QURU4","QUERCUS","DECIDUOUS","EVERGREEN","VINT","DRC"
"QUSH","QUERCUS","DECIDUOUS","DECIDUOUS",NA,NA
"QUSI2","QUERCUS","DECIDUOUS","DECIDUOUS",NA,NA
"QUSIS","QUERCUS","DECIDUOUS","DECIDUOUS",NA,NA
"QUST","QUERCUS","DECIDUOUS","DECIDUOUS",NA,NA
"QUTE","QUERCUS","DECIDUOUS","DECIDUOUS",NA,NA
"QUVE","QUERCUS","DECIDUOUS","DECIDUOUS",NA,NA
"QUVI","QUERCUS","DECIDUOUS","DECIDUOUS",NA,NA
"QUWI2","QUERCUS","DECIDUOUS","DECIDUOUS",NA,NA
"RHMA2","RHIZOPHORA","DECIDUOUS","DECIDUOUS",NA,NA
"RONE","ROBINIA","DECIDUOUS","DECIDUOUS","VINT","DRC"
"ROPS","ROBINIA","DECIDUOUS","DECIDUOUS",NA,NA
"ROYST","ROYSTONEA","DECIDUOUS","DECIDUOUS",NA,NA
"SAAL2","SALIX","DECIDUOUS","DECIDUOUS",NA,NA
"SAAL5","SASSAFRAS","DECIDUOUS","DECIDUOUS",NA,NA
"SAAM2","SALIX","DECIDUOUS","DECIDUOUS",NA,NA
"SABE2","SALIX","DECIDUOUS","DECIDUOUS",NA,NA
"SABO","SALIX","DECIDUOUS","DECIDUOUS","VINT","DRC"
"SACA5","SALIX","DECIDUOUS","DECIDUOUS",NA,NA
"SALIX","SALIX","DECIDUOUS","DECIDUOUS",NA,NA
"SAME8","SABAL","DECIDUOUS","DECIDUOUS",NA,NA
"SANI","SALIX","DECIDUOUS","DECIDUOUS","INT","DRC"
"SAPA","SABAL","DECIDUOUS","DECIDUOUS",NA,NA
"SAPY","SALIX","DECIDUOUS","DECIDUOUS",NA,NA
"SASAD","SAPINDUS","DECIDUOUS","DECIDUOUS",NA,NA
"SASC","SALIX","DECIDUOUS","DECIDUOUS",NA,NA
"SASE10","SALIX","DECIDUOUS","DECIDUOUS",NA,NA
"SCAC2","SCHEFFLERA","DECIDUOUS","DECIDUOUS",NA,NA
"SEGI2","SEQUOIADENDRON","EVERGREEN","EVERGREEN",NA,NA
"SESE3","SEQUOIA","EVERGREEN","EVERGREEN",NA,NA
"SIFO","SIDEROXYLON","DECIDUOUS","DECIDUOUS",NA,NA
"SIGL3","SIMAROUBA","DECIDUOUS","DECIDUOUS",NA,NA
"SILAL3","SIDEROXYLON","DECIDUOUS","DECIDUOUS",NA,NA
"SISA6","SIDEROXYLON","DECIDUOUS","DECIDUOUS",NA,NA
"SOAF","SOPHORA","DECIDUOUS","DECIDUOUS",NA,NA
"SOAM3","SORBUS","DECIDUOUS","DECIDUOUS",NA,NA
"SOAU","SORBUS","DECIDUOUS","DECIDUOUS",NA,NA
"SODE3","SORBUS","DECIDUOUS","DECIDUOUS",NA,NA
"SORBU","SORBUS","DECIDUOUS","DECIDUOUS",NA,NA
"SWMA2","SWIETENIA","DECIDUOUS","DECIDUOUS",NA,NA
"SYCU","SYZYGIUM","DECIDUOUS","DECIDUOUS",NA,NA
"TAAS","TAXODIUM","EVERGREEN","EVERGREEN",NA,NA
"TABR2","TAXUS","EVERGREEN","EVERGREEN",NA,NA
"TADI2","TAXODIUM","EVERGREEN","EVERGREEN",NA,NA
"TAFL","TAXUS","EVERGREEN","EVERGREEN",NA,NA
"TAIN2","TAMARINDUS","DECIDUOUS","DECIDUOUS",NA,NA
"TAMAR2","TAMARIX","DECIDUOUS","DECIDUOUS",NA,NA
"TAMU","TAXODIUM","EVERGREEN","EVERGREEN",NA,NA
"TAXOD","TAXODIUM","EVERGREEN","EVERGREEN",NA,NA
"TAXUS","TAXUS","EVERGREEN","EVERGREEN",NA,NA
"THMO4","THRINAX","DECIDUOUS","DECIDUOUS",NA,NA
"THOC2","THUJA","EVERGREEN","EVERGREEN",NA,NA
"THPL","THUJA","EVERGREEN","EVERGREEN",NA,NA
"THRA2","THRINAX","DECIDUOUS","DECIDUOUS",NA,NA
"THUJA","THUJA","EVERGREEN","EVERGREEN",NA,NA
"TIAM","TILIA","DECIDUOUS","DECIDUOUS",NA,NA
"TIAMC","TILIA","DECIDUOUS","DECIDUOUS",NA,NA
"TIAMH","TILIA","DECIDUOUS","DECIDUOUS",NA,NA
"TILIA","TILIA","DECIDUOUS","DECIDUOUS",NA,NA
"TOCA","TORREYA","EVERGREEN","EVERGREEN",NA,NA
"TORRE","TORREYA","EVERGREEN","EVERGREEN",NA,NA
"TOTA","TORREYA","EVERGREEN","EVERGREEN",NA,NA
"TRSE6","TRIADICA","DECIDUOUS","DECIDUOUS",NA,NA
"TSCA","TSUGA","EVERGREEN","EVERGREEN",NA,NA
"TSCA2","TSUGA","EVERGREEN","EVERGREEN",NA,NA
"TSHE","TSUGA","EVERGREEN","EVERGREEN",NA,NA
"TSME","TSUGA","EVERGREEN","EVERGREEN",NA,NA
"TSUGA","TSUGA","EVERGREEN","EVERGREEN",NA,NA
"ULAL","ULMUS","DECIDUOUS","DECIDUOUS",NA,NA
"ULAM","ULMUS","DECIDUOUS","DECIDUOUS",NA,NA
"ULCR","ULMUS","DECIDUOUS","DECIDUOUS",NA,NA
"ULMUS","ULMUS","DECIDUOUS","DECIDUOUS",NA,NA
"ULPU","ULMUS","DECIDUOUS","DECIDUOUS",NA,NA
"ULRU","ULMUS","DECIDUOUS","DECIDUOUS",NA,NA
"ULSE","ULMUS","DECIDUOUS","DECIDUOUS",NA,NA
"ULTH","ULMUS","DECIDUOUS","DECIDUOUS",NA,NA
"UMCA","UMBELLULARIA","DECIDUOUS","DECIDUOUS",NA,NA
"VEFO","VERNICIA","DECIDUOUS","DECIDUOUS",NA,NA
"YUBR","YUCCA","DECIDUOUS","DECIDUOUS",NA,NA
